analyst_id,paper_id,reanalysis_es_missing,reanalysis_type_of_statistic,reanalysis_statistic_report,reanalysis_degrees_of_freedom_1,reanalysis_degrees_of_freedom_2,reanalysis_model_sample_size,reanalysis_correlation_coef,reanalysis_cohens_d
018OL,Beaman_JournLabEco_2018_7ybJ,0,chi2,9.906,1,NA,220,0.210465208,0.431
018OL,Teney_EurSocioRev_2016_qXX2,0,t,-1.206,396.916,NA,420,-0.060423205,0.121
03LDB,Hou_ChildDev_2017_YOXl,0,z,2.089,NA,NA,444,0.099149361,0.199
03TOT,Cleave_ExpEco_2013_Njqj,0,t,-2.528,656,NA,658,-0.098224523,0.197
08UM9,Wilfahrt_WorldPolitics_2018_k7wj,0,z,6.131,NA,NA,12692,0.054373723,0.109
0EING,Pastötter_Cognition_2013_EQxa,0,chi2,11.971,1,NA,200,0.241633914,0.498
0G5CG,Miller_JournConflictRes_2011_zV1O,0,z,7.929,NA,NA,798,0.274027044,0.57
0GFYM,Nyhan_JournExpPoliSci_2015_DEqr,0,t,4.793,512,NA,520,0.207224719,0.424
0GFYM,Angrist_AmEcoRev_2009_Gv3O,0,chi2,11.352,1,NA,3821,0.054473854,0.109
0HC9H,Bartels_JournConsRes_2015_mrZ,0,chi2,4.6772,1,NA,88,0.230366018,0.473
0OQ4O,Fitzgerald_SocialForces_2018_4q0L,1,NA,NA,NA,NA,NA,NA,NA
0RNST,Thames_CompPolitStu_2010_l22v,0,t,0.338,8,NA,231,0.11865681,0.239
0XXW0,Kucik_BritJournPoliSci_2016_L22B,0,t,3.716,5990,NA,6027,0.047958135,0.096
0XXW0,Marshall_BritJournPoliSci_2015_GOYb,1,NA,NA,NA,NA,NA,NA,NA
0XXWZ,BATESON_AmPoliSciRev_2012_RYKv,0,z,11.349,NA,NA,38342,0.057896359,0.116
0Z3JN,Gerber_BritJournPoliSci_2018_3WmY,0,reg_coeff,2.94,NA,NA,191,NA,0.212730934
0ZB46,Huijts_EurSocioRev_2013_OY3B,1,NA,NA,NA,NA,NA,NA,NA
0ZI5H,Wilde_AmSocioRev_2010_4XLv,0,t,4.12,1613,NA,1627,0.102048547,0.205
129PL,Turcu_CompPolitStu_2015_YeQg,0,z,2.062,NA,NA,7701,0.023497397,0.047
12HIO,Anderson_AmEcoJourn_2011_bLe8,0,t,4.935,1295,NA,1297,0.135864643,0.274
13H14,Dumas_AcaManageJourn_2018_5KrD,0,t,-2.196,348,NA,353,-0.116910697,0.235
19LM1,TERTYTCHNAYA_AmPoliSciRev_2018_9wya,0,t,1.636,993.721,NA,1258,0.051828303,0.104
1BQRY,Shahar_JournConflictRes_2018_J0Yv,1,NA,NA,NA,NA,NA,NA,NA
1CFHB,Petersen_Cognition_2017_yJwG,0,t,4.708,27,NA,28,0.671440087,1.812
1CP3G,Yoo_PsychologSci_2017_BebG,0,t,2.616,1276,NA,1284,0.073038342,0.146
1DLDB,Bursztyn_AmEcoRev_2017_VB9K,0,t,2.199,60,NA,62,0.273097962,0.568
1FPG6,Cingranelli_BritJournPoliSci_2014_qg47,0,t,3.931,1708,NA,1718,0.094689833,0.19
1FZ2C,Behrman_JournPoliEco_2015_G55r,0,t,2.584,83.06,NA,11436,0.272776279,0.567
1HC64,Cingranelli_BritJournPoliSci_2014_qg47,0,t,1.919,107,NA,115,0.182404427,0.371
1HC64,Marshall_BritJournPoliSci_2015_GOYb,1,NA,NA,NA,NA,NA,NA,NA
1ISG4,Fuhrmann_JournConflictRes_2010_8Wy0,0,z,5.154,NA,NA,5360,0.070301821,0.141
1J195,BATESON_AmPoliSciRev_2012_RYKv,0,z,8.408,NA,NA,38575,0.042784988,0.086
1K9SV,Platt_Boustan_AmEcoJourn_2012_PVQK,0,t,-1.806,123,NA,4596,-0.160724484,0.326
1MFRV,Benjamin_AmEcoRev_2010_WaYe,0,t,3.4261,69,NA,71,0.381294559,0.825
1XA8N,PIETRYKA_AmPoliSciRev_2017_yjkQ,0,chi2,23.069,1,NA,2216,0.101746215,0.205
1Y6IS,Usmani_AmJournSocio_2018_GJe4,0,t,4.68,4135,NA,4226,0.07258735,0.146
204TY,Cohen_AmEcoRev_2015_2lb5,0,t,1.024,872,NA,874,0.034656185,0.069
25FM1,Adida_CompPolitStu_2016_G0Kb,0,z,1.753,NA,NA,782,0.062725285,0.126
25N5D,Einstein_AmJourPoliSci_2017_mxyQ,0,chi2,13.683,1,NA,665,0.142785414,0.289
2898B,Luttrell_JournExpSocPsych_2016_rjb,0,t,-0.712,169,NA,174,-0.05468727,0.11
2KUPE,Angrist_AmEcoRev_2009_Gv3O,0,t,2.099,37.968,NA,3821,0.322450999,0.681
2LKVO,Zunick_JournExpSocPsych_2017_zlw,0,t,2.701,68,NA,72,0.311272217,0.655
2XEYJ,Robertson_BritJournPoliSci_2017_qggQ,0,t,3.502,417.5,NA,596,0.168927799,0.343
2XTEW,Sliwka_JournLabEco_2017_VDJV,0,t,1.191,207,NA,351,0.082498043,0.166
2YBZF,ANN_SLOCUM_Criminology_2010_JxXe,0,tau,-0.173,3,NA,1408,-0.268415473,0.557
2YGYF,Fuhrmann_JournConflictRes_2010_8Wy0,0,z,2.933,NA,NA,5360,0.040051507,0.08
30OYF,Bursztyn_JournPoliEco_2012_jaK4,0,z,-6.78,NA,NA,150,-0.507387319,1.178
30S6Z,Ihme_JournExpPoliSci_2018_xYbO,0,t,2.414,370,NA,377,0.124521129,0.251
3682J,GROSSMAN_AmPoliSciRev_2014_LyWB,0,z,-3.999233,NA,NA,451,-0.186729156,0.38
3AQDX,LINDQVIST_AmPoliSciRev_2010_OeGv,0,z,-4.69,NA,NA,33,-0.694332406,1.93
3AQDX,Wilfahrt_WorldPolitics_2018_k7wj,0,z,1.49,NA,NA,13063,0.013037372,0.026
3B7KH,AntrAs_Econometrica_2013_a2Yx,1,NA,NA,NA,NA,NA,NA,NA
3IYFJ,Pastötter_Cognition_2013_EQxa,0,chi2,11.971,1,NA,200,0.241633914,0.498
419LV,Bursztyn_AmEcoRev_2017_VB9K,1,NA,NA,NA,NA,NA,NA,NA
41LW9,Hertel_ClinPsychSci_2018_YabW,0,t,-12.958,52,NA,54,-0.873807402,3.594
456AD,McLaren_WorldPolitics_2012_wRvv,0,z,43.14,NA,NA,85241,0.146696168,0.297
456AG,Huijts_EurSocioRev_2013_OY3B,0,t,2.781,43.9,NA,11023,0.387019874,0.839
456AP,Kuo_Demography_2016_JWzJ,0,z,-5.02,NA,NA,34514,-0.027015888,0.054
456AQ,Fuhrmann_JournConflictRes_2010_8Wy0,0,z,2.779,NA,NA,58001,0.011538856,0.023
4COYD,Beaman_JournLabEco_2018_7ybJ,0,t,-1.179,814,NA,816,-0.04128869,0.083
4GPHF,Mironova_JournExpPoliSci_2014_59Rq,1,NA,NA,NA,NA,NA,NA,NA
4JKR7,Nelson_JournConsRes_2009_eg1q,0,t,2.628,98,NA,102,0.256580946,0.531
4NCPI,Platt_Boustan_AmEcoJourn_2012_PVQK,0,t,-2.56,113,NA,4352,-0.234130847,0.482
4O1N4,McDevitt_JournPoliEco_2014_yQeR,0,z,5.04,NA,NA,2292,0.104955523,0.211
4ST8R,Brancati_JournConflictRes_2013_V0PA,0,z,0.312,NA,NA,115,0.029472691,0.059
50PCE,Bartels_JournConsRes_2015_mrZ,1,NA,NA,NA,NA,NA,NA,NA
53BDN,Ohtsubo_EvoHumanBehavior_2014_zlm2,0,t,5.92,27,NA,29,0.751559576,2.279
53BDN,Hertel_ClinPsychSci_2018_YabW,0,t,3.029,26,NA,27,0.510720396,1.188
543AW,Robertson_BritJournPoliSci_2017_qggQ,0,t,2.307,481,NA,498,0.104612968,0.21
543X6,Hendricks_QuartJournEco_2018_wNKW,0,F,0.4,1,3,2854,0.34299717,0.73
56TXB,Ihme_JournExpPoliSci_2018_xYbO,0,t,2.574,140.29,NA,143,0.212361004,0.435
58A4L,Thames_CompPolitStu_2010_l22v,0,t,0.14,52,NA,61,0.019410849,0.039
5AV43,AntrAs_Econometrica_2013_a2Yx,0,t,1.95,248,NA,2783,0.122886618,0.248
5AV43,ANN_SLOCUM_Criminology_2010_JxXe,0,z,-6.927,NA,NA,1389,-0.183946661,0.374
5BSO9,Kleven_AmEcoRev_2013_Jg9v,0,t,1.3842,13,NA,336,0.358403727,0.768
5EDOR,Clark_JournPoliEco_2009_e5rW,0,t,-0.25,177,NA,181,-0.018787834,0.038
5GT7K,Wlezien_CompPolitStu_2017_ByBk,0,t,-3.293,13,NA,16,-0.674378241,1.827
5J36G,Sliwka_JournLabEco_2017_VDJV,1,NA,NA,NA,NA,NA,NA,NA
5Q0NR,Kucik_BritJournPoliSci_2016_L22B,0,t,0.292,5734,NA,5970,0.003856122,0.008
5SCN9,PIETRYKA_AmPoliSciRev_2017_yjkQ,1,NA,NA,NA,NA,NA,NA,NA
5VQVG,Cleave_ExpEco_2013_Njqj,0,z,-2.617,NA,NA,663,-0.101515693,0.204
5X3KG,Mironova_JournExpPoliSci_2014_59Rq,1,NA,NA,NA,NA,NA,NA,NA
5X3KG,Kuo_Demography_2016_JWzJ,0,chi2,47.474,1,NA,23949,0.044496367,0.089
648X2,Wilfahrt_WorldPolitics_2018_k7wj,0,t,-4.76,276,NA,283,-0.27543566,0.573
6659P,Wlezien_CompPolitStu_2017_ByBk,0,t,-1.681,14,NA,16,-0.409807928,0.899
67DKH,Ihme_JournExpPoliSci_2018_xYbO,0,F,4.79,1,138,143,0.183155034,0.373
6AZUZ,Brancati_JournConflictRes_2013_V0PA,0,z,-2.202,NA,NA,94,-0.226818002,0.466
6D11S,Bartels_JournConsRes_2015_mrZ,0,chi2,4.677,1,NA,88,0.230361269,0.473
6HAC6,Petersen_Cognition_2017_yJwG,0,t,4.713,24,NA,25,0.693295408,1.924
6NYSH,Altmann_JournLabEco_2012_WLkV,0,z,-2.537,NA,NA,124,-0.226632118,0.465
6U3LL,McLaren_WorldPolitics_2012_wRvv,0,t,46.625,72700,NA,72733,0.170393744,0.346
6U3LL,Usmani_AmJournSocio_2018_GJe4,0,t,1.96,739,NA,829,0.071913092,0.144
6WZH9,GROSSMAN_AmPoliSciRev_2014_LyWB,0,z,-3.999,NA,NA,437,-0.18963463,0.386
6YWS5,Linkenauger_PsychologSci_2009_7WjP,0,t,2.123,14,NA,15,0.493492399,1.135
73FDT,Kuo_Demography_2016_JWzJ,0,F,12.86,1,3,3963,0.900469263,4.141
79B6N,Hou_ChildDev_2017_YOXl,0,chi2,4.31,1,NA,444,0.098538906,0.198
7CO66,Kleven_AmEcoRev_2013_Jg9v,0,t,966.871,1019,NA,1031,0.999455432,60.578
7DDCG,Caldero_n_JournConflictRes_2015_Nv99,0,z,1.118,NA,NA,119609,0.003232688,0.006
7HMNU,BATESON_AmPoliSciRev_2012_RYKv,0,t,16,38823,NA,38824,0.080937216,0.162
7KIXM,Baccara_AmEcoJourn_2014_RqVE,0,t,3.914,871198,NA,871215,0.004193325,0.008
7N2JN,Usmani_AmJournSocio_2018_GJe4,0,t,3.015,110,NA,3951,0.27627988,0.575
7NM5S,Bruner_ExpEco_2017_amYY,0,z,-0.46,NA,NA,106,-0.045294134,0.091
7QDPG,Barreca_JournPoliEco_2016_J999,0,t,-10.478,43450,NA,43464,-0.050203675,0.101
7QU3A,Wilde_AmSocioRev_2010_4XLv,0,z,8.632,NA,NA,1921,0.194586928,0.397
7TRF7,Yang_JournMarketRes_2013_G1Lr,0,t,3.518,107.97,NA,119,0.320685572,0.677
7TYBG,Clark_JournPoliEco_2009_e5rW,0,t,3.429,4754,NA,4773,0.049670838,0.099
7ZZIN,Baker_WorldPolitics_2011_9lBL,0,t,2.2099,334,NA,352,0.120045894,0.242
7ZZIN,Brancati_JournConflictRes_2013_V0PA,1,NA,NA,NA,NA,NA,NA,NA
7ZZIN,Bursztyn_JournPoliEco_2012_jaK4,0,t,-6.368,9,NA,156,-0.90463833,4.245
81NJK,Bigoni_Econometrica_2015_VBx1,0,F,13.53,1,9,10,0.7749404,2.452
81NTT,Baccara_AmEcoJourn_2014_RqVE,0,z,4.682,NA,NA,3873,0.075120247,0.151
84G5K,Ohtsubo_EvoHumanBehavior_2014_zlm2,0,t,5.6,13,14,14,0.840799139,3.106
894L5,Ku_JournEnvPsych_2014_YpZZ,0,z,3.761,NA,NA,155,0.295933962,0.62
8AYYN,Menaldo_AmJourPoliSci_2016_Vx4e,0,F,0.225,1,127.39,2663,0.04198947,0.084
8GS27,Hurst_EvoHumanBehavior_2017_yypJ,1,NA,NA,NA,NA,NA,NA,NA
8GS2H,Brough_JournConsRes_2016_9ey,0,F,43.244,1,191,194,0.429663727,0.952
8LJZE,Turcu_CompPolitStu_2015_YeQg,0,chi2,4.554,1,NA,7683,0.024346138,0.049
8LJZE,Lu_JournLabEco_2015_vaWE,0,F,6.51,1,230.33,245,0.16579177,0.336
8P2J2,Kucik_BritJournPoliSci_2016_L22B,0,t,2.393,44,NA,6027,0.339350876,0.722
8PTRZ,Einstein_AmJourPoliSci_2017_mxyQ,0,chi2,14.265,1,NA,558,0.158961043,0.322
8PTRZ,Baccara_AmEcoJourn_2014_RqVE,1,NA,NA,NA,NA,NA,NA,NA
8QYT6,Alves_PsychologSci_2018_AvOr,0,z,3.432378,NA,NA,210,0.234141541,0.482
8QYU7,Luttrell_JournExpSocPsych_2016_rjb,0,t,0.044,170,NA,174,0.003374627,0.007
8VZDI,Savani_PsychologSci_2010_88xa,0,t,3.105,62,NA,64,0.366843399,0.789
8XKM0,Altmann_JournLabEco_2012_WLkV,1,NA,NA,NA,NA,NA,NA,NA
8XLM1,Bruner_ExpEco_2017_amYY,0,t,-4.577,77,NA,79,-0.462467339,1.043
8XUM0,Baillon_Econometrica_2018_QYNq,0,t,2.0529,98,NA,100,0.203054097,0.415
917OK,Waller_JournMarFam_2014_AXBY,1,NA,NA,NA,NA,NA,NA,NA
948IE,Turcu_CompPolitStu_2015_YeQg,0,z,2.044,NA,NA,7799,0.023145545,0.046
9DBJU,Gerber_BritJournPoliSci_2018_3WmY,0,r,0.211,189,NA,194,0.211,0.432
9EFM2,Balcells_JournConflictRes_2014_0P4r,0,z,2.51,NA,NA,906,0.083333857,0.167
9EFM2,Caldero_n_JournConflictRes_2015_Nv99,0,z,2.412,NA,NA,5586,0.032269533,0.065
9FO7L,Chen_Demography_2018_yAPR,0,F,21.313,1,1135.9,11498,0.135711184,0.274
9P6A7,Balcells_JournConflictRes_2014_0P4r,0,t,3.263,73,NA,90,0.356772565,0.764
9T4QV,Chen_Demography_2018_yAPR,0,t,1.108,744,NA,836,0.040587778,0.081
9U4RV,Hou_ChildDev_2017_YOXl,0,reg_coeff,1.83,NA,NA,444,NA,0.086847957
9UVIW,Cingranelli_BritJournPoliSci_2014_qg47,0,z,13.228,NA,NA,1923,0.293037992,0.613
9VCO6,Goerg_JournLabEco_2010_WLpV,1,NA,NA,NA,NA,NA,NA,NA
9X596,Bartels_JournConsRes_2015_mrZ,1,NA,NA,NA,NA,NA,NA,NA
9Y597,Rovny_WorldPolitics_2014_AQgj,0,F,7.02,1,191,192,0.188284265,0.383
9ZUZK,Steinmetz_JournPerSocPsy_2016_E4Am,0,t,-2.528,78,NA,82,-0.275188042,0.572
9ZUZK,Baker_WorldPolitics_2011_9lBL,0,t,-4.766,492.749,NA,506,-0.209920557,0.429
A1SBQ,Angrist_AmEcoRev_2009_Gv3O,0,t,3.684,4336,NA,4338,0.055859413,0.112
A3X6D,Balcells_JournConflictRes_2014_0P4r,0,z,3.63,NA,NA,84,0.382797473,0.829
A75GH,Christensen_EurJournPersonality_2018_8R9d,0,t,4.568,260,NA,262,0.272568728,0.567
AATZ7,BATESON_AmPoliSciRev_2012_RYKv,0,F,2.85,1,17,19822,0.378915329,0.819
AB9D2,Baillon_Econometrica_2018_QYNq,0,t,2.13,98,NA,99,0.210348545,0.43
ABR43,Chen_Demography_2018_yAPR,1,NA,NA,NA,NA,NA,NA,NA
AC456,LINDQVIST_AmPoliSciRev_2010_OeGv,0,t,-3.51,30,NA,33,-0.53955258,1.282
AFO8L,Nelson_JournConsRes_2009_eg1q,0,t,2.428,93.214,NA,102,0.24388873,0.503
AHW5W,Marshall_BritJournPoliSci_2015_GOYb,0,t,-19.77,618.244,NA,635,-0.622357938,1.59
AHW5W,Zunick_JournExpSocPsych_2017_zlw,0,t,2.701,68,NA,72,0.311272217,0.655
AHW5W,Bingham Powell_CompPolitStu_2009_0PZl,0,t,15.725,83,NA,85,0.865271487,3.452
AJIUW,Angrist_AmEcoRev_2009_Gv3O,0,t,3.434,3819,NA,3821,0.055482495,0.111
AJJUX,Savani_PsychologSci_2010_88xa,0,t,3.105,62,NA,64,0.366843399,0.789
AKB1K,LINDQVIST_AmPoliSciRev_2010_OeGv,0,t,-5.652,63,NA,65,-0.580050581,1.424
AMDFX,Sliwka_JournLabEco_2017_VDJV,0,t,1.092,210,NA,1688,0.075142118,0.151
ANL1Q,McDevitt_JournPoliEco_2014_yQeR,0,z,3.121,NA,NA,2293,0.06512697,0.131
AUX74,Bursztyn_AmEcoRev_2017_VB9K,0,t,2.184,58,NA,60,0.275662105,0.574
AVCOX,McKibben_AmJourPoliSci_2013_P8az,0,z,13.445,NA,NA,588,0.504915909,1.17
AVCOX,Bingham Powell_CompPolitStu_2009_0PZl,0,z,5.75,NA,NA,588,0.233353561,0.48
AW332,Lu_JournLabEco_2015_vaWE,0,t,2.79,608,NA,613,0.112432008,0.226
AWAEK,Andreoni_JournPoliEco_2017_La9x,0,chi2,25.199,1,NA,32,0.731601556,2.146
AWTTS,Yang_JournMarketRes_2013_G1Lr,0,t,-3.633,96,NA,101,-0.347661569,0.742
B29PE,Wright_JournConflictRes_2016_W0GN,0,z,3.489,NA,NA,2788,0.066017071,0.132
BGTYR,Ihme_JournExpPoliSci_2018_xYbO,0,t,2.5738,140.29,NA,143,0.212345247,0.435
BHIO5,Woltin_JournExpSocPsych_2011_Wre,0,F,5.758,1,34,36,0.380560374,0.823
BHQ9N,Cohen_AmEcoRev_2015_2lb5,0,chi2,20.864,1,NA,631,0.18027952,0.367
BIMKS,Luttrell_JournExpSocPsych_2016_rjb,1,NA,NA,NA,NA,NA,NA,NA
BKG23,Ohtsubo_EvoHumanBehavior_2014_zlm2,0,t,-6.202,118,NA,120,-0.495819304,1.142
BLG5S,PALER_AmPoliSciRev_2013_Pxp7,0,z,2.691,NA,NA,1863,0.062315219,0.125
BM8DQ,Wright_JournConflictRes_2016_W0GN,0,chi2,8.59,1,NA,2788,0.055480171,0.111
BMI87,Jiang_AmJourPoliSci_2018_Rjp9,0,F,0.122,1,3451.8,3693,0.005944967,0.012
BX332,Miller_JournConflictRes_2011_zV1O,0,z,-1.127,NA,NA,798,-0.039949298,0.08
BZZQQ,Baker_WorldPolitics_2011_9lBL,1,NA,NA,NA,NA,NA,NA,NA
BZZQQ,TERTYTCHNAYA_AmPoliSciRev_2018_9wya,0,t,1.821,14,NA,2485,0.437608393,0.973
C09RR,AntrAs_Econometrica_2013_a2Yx,1,NA,NA,NA,NA,NA,NA,NA
C09RR,Fehr_AmEcoRev_2011_gdlO,0,chi2,53.411,1,NA,805,0.252484252,0.522
C4QXX,Woltin_JournExpSocPsych_2011_Wre,0,t,2.3996,34,NA,36,0.38056264,0.823
C6HJR,Teney_EurSocioRev_2016_qXX2,0,t,-3.804,233,NA,270,-0.241812565,0.498
C7WJL,Cohen_AmEcoRev_2015_2lb5,0,z,5.878,NA,NA,845,0.19984323,0.408
C7WJL,Li_JournExpPoliSci_2017_G4mp,0,t,0.298,2817,NA,22768,0.005614563,0.011
CC3UD,Baillon_Econometrica_2018_QYNq,0,F,8.581,1,97,99,0.285086115,0.595
CC3UD,Marshall_BritJournPoliSci_2015_GOYb,0,t,-2.027,197,NA,199,-0.142934902,0.289
CCBE4,Hurst_EvoHumanBehavior_2017_yypJ,0,z,-5.222,NA,NA,138,-0.421437096,0.929
CCU09,Fehr_AmEcoRev_2011_gdlO,0,chi2,60.748,1,NA,909,0.253305346,0.524
CGE18,Bingham Powell_CompPolitStu_2009_0PZl,0,t,6.76,101,NA,329,0.558129775,1.345
CGTZS,Ohtsubo_EvoHumanBehavior_2014_zlm2,0,t,6.202,28,NA,30,0.760739379,2.344
CGTZS,Hertel_ClinPsychSci_2018_YabW,1,NA,NA,NA,NA,NA,NA,NA
CH2BA,Marshall_BritJournPoliSci_2015_GOYb,0,t,-0.842,65,NA,255,-0.103872308,0.209
CH2BA,Mironova_JournExpPoliSci_2014_59Rq,0,t,4.219,156,NA,158,0.320025576,0.676
CJQM7,Miller_JournConflictRes_2011_zV1O,0,z,2.896,NA,NA,798,0.102350873,0.206
CKH21,Mironova_JournExpPoliSci_2014_59Rq,1,NA,NA,NA,NA,NA,NA,NA
CY454,Rovny_WorldPolitics_2014_AQgj,0,t,-6.485,3974,NA,3982,-0.102331689,0.206
D1BSS,Gerber_BritJournPoliSci_2018_3WmY,0,z,-1.159,NA,NA,160,-0.092235367,0.185
D7B5R,Desmond_Demography_2015_qQ9Z,0,t,2.726,560,NA,580,0.114437745,0.23
DAA9C,McDevitt_JournPoliEco_2014_yQeR,0,t,1.00E-04,2291,NA,2293,2.09E-06,0
DAB9D,Brancati_JournConflictRes_2013_V0PA,0,t,-1.876,128,NA,136,-0.163582923,0.332
DAILV,Rovny_WorldPolitics_2014_AQgj,0,t,9.506,827.479,NA,2696,0.313771578,0.661
DAILV,Jiang_AmJourPoliSci_2018_Rjp9,0,F,4.03,1,3876,3891,0.032228121,0.064
DAIUV,Baillon_Econometrica_2018_QYNq,0,t,2.1305,97,NA,99,0.211429232,0.433
DF1FJ,Huijts_EurSocioRev_2013_OY3B,0,t,1.634,23.696,NA,11256,0.318222066,0.671
DMAMC,Beaman_JournLabEco_2018_7ybJ,0,chi2,8.985,1,NA,220,0.200720788,0.41
DRV0T,Dumas_AcaManageJourn_2018_5KrD,0,F,5.576,1,348,353,0.12557986,0.253
DTL61,Platt_Boustan_AmEcoJourn_2012_PVQK,0,t,2.14,77,NA,4352,0.2369316,0.488
DUG1C,Desmond_Demography_2015_qQ9Z,0,t,2.486,567,NA,580,0.103837814,0.209
DUQBC,Shahar_JournConflictRes_2018_J0Yv,1,NA,NA,NA,NA,NA,NA,NA
DXJ85,Steinmetz_JournPerSocPsy_2016_E4Am,1,NA,NA,NA,NA,NA,NA,NA
E0676,Steinmetz_JournPerSocPsy_2016_E4Am,0,t,2.204,80,NA,82,0.23925784,0.493
E0EIN,Baker_WorldPolitics_2011_9lBL,1,NA,NA,NA,NA,NA,NA,NA
E3Z4P,Bingham Powell_CompPolitStu_2009_0PZl,0,t,0.125,29.964,NA,329,0.022829527,0.046
E3Z4P,Nyhan_JournExpPoliSci_2015_DEqr,0,F,25.656,1,764,764,0.180250096,0.367
E4FIK,Fehr_AmEcoRev_2011_gdlO,0,chi2,53.411,1,NA,805,0.252484252,0.522
EEDG6,Adida_CompPolitStu_2016_G0Kb,0,z,2.361,NA,NA,347,0.126613427,0.255
EHJDU,ANN_SLOCUM_Criminology_2010_JxXe,0,t,-5.97,1407,NA,1409,-0.15717925,0.318
ELZ90,Linkenauger_PsychologSci_2009_7WjP,0,t,2.123,14,NA,15,0.493492399,1.135
EPK9W,Kleven_AmEcoRev_2013_Jg9v,1,NA,NA,NA,NA,NA,NA,NA
EPO35,Bingham Powell_CompPolitStu_2009_0PZl,0,F,42.675,1,80,84,0.589805383,1.461
ETJ91,Hendricks_QuartJournEco_2018_wNKW,0,t,3.168,2613,NA,2626,0.06185617,0.124
EWFMI,Einstein_AmJourPoliSci_2017_mxyQ,0,z,3.645,NA,NA,549,0.154738527,0.313
EZ87I,Linkenauger_PsychologSci_2009_7WjP,0,chi2,4.663,1,NA,30,0.393197215,0.855
EZI7J,Nelson_JournConsRes_2009_eg1q,0,chi2,4.788,1,NA,102,0.216439275,0.443
F32UK,Miller_JournConflictRes_2011_zV1O,1,NA,NA,NA,NA,NA,NA,NA
F32UK,Cingranelli_BritJournPoliSci_2014_qg47,0,z,0.269,NA,NA,131,0.023771986,0.048
FB06D,Li_JournExpPoliSci_2017_G4mp,0,z,29.224,NA,NA,22768,0.19130307,0.39
FGUV2,Ihme_JournExpPoliSci_2018_xYbO,0,t,2.568,141,NA,143,0.211377983,0.433
FHS67,Yang_JournMarketRes_2013_G1Lr,0,z,2.929,NA,NA,101,0.287531942,0.6
FLMLO,Turcu_CompPolitStu_2015_YeQg,0,t,5.71,119,NA,7897,0.463746489,1.047
FO7L6,Barreca_JournPoliEco_2016_J999,1,NA,NA,NA,NA,NA,NA,NA
FPWKK,Dumas_AcaManageJourn_2018_5KrD,0,t,3.132,359,NA,361,0.163087527,0.331
FQ1G7,McLaren_WorldPolitics_2012_wRvv,0,F,3151.34,1,77372.9,77384,0.19782643,0.404
FQF87,Waller_JournMarFam_2014_AXBY,0,z,-0.383,NA,NA,1073,-0.011708117,0.023
FR167,Anderson_AmEcoJourn_2011_bLe8,0,t,3.322,1291,NA,1295,0.092063649,0.185
FSF14,Baker_WorldPolitics_2011_9lBL,0,F,0.131,1,5.9,62,0.147380825,0.298
FWSCE,Linkenauger_PsychologSci_2009_7WjP,0,F,4.741,1,28,29,0.380530093,0.823
FXONI,Altmann_JournLabEco_2012_WLkV,0,t,-2.927,104.209,NA,124,-0.275621915,0.573
FY4CW,Robertson_BritJournPoliSci_2017_qggQ,0,t,2.32,19,NA,2061,0.469839752,1.064
FY4DW,Brough_JournConsRes_2016_9ey,0,F,43.998,1,190,194,0.433621088,0.962
G2898,Luttrell_JournExpSocPsych_2016_rjb,0,chi2,8.428,1,NA,174,0.218428942,0.448
GHN4R,Menaldo_AmJourPoliSci_2016_Vx4e,0,z,-15.29,NA,NA,2682,-0.287104003,0.599
GHZ5E,Christensen_EurJournPersonality_2018_8R9d,0,t,34.84,999,NA,1000,0.740635548,2.205
GKHP1,Waller_JournMarFam_2014_AXBY,0,z,-0.497,NA,NA,1322,-0.013683805,0.027
GNUQA,GROSSMAN_AmPoliSciRev_2014_LyWB,1,NA,NA,NA,NA,NA,NA,NA
GOQ0F,Steinmetz_JournPerSocPsy_2016_E4Am,0,t,1.825,57.96,NA,70,0.233112651,0.479
GRUWQ,Gartzke_JournConflictRes_2009_rym8,0,z,7.521,NA,NA,255478,0.014878849,0.03
GS2H9,Ku_JournEnvPsych_2014_YpZZ,0,t,4.623,136,NA,141,0.368519084,0.793
GTBT1,Goerg_JournLabEco_2010_WLpV,1,NA,NA,NA,NA,NA,NA,NA
GTZSD,Behrman_JournPoliEco_2015_G55r,0,t,1.525,85.45,NA,11436,0.162773191,0.33
GWM34,Christensen_EurJournPersonality_2018_8R9d,1,NA,NA,NA,NA,NA,NA,NA
H14DB,Desmond_Demography_2015_qQ9Z,0,t,0.637,565,NA,580,0.026789173,0.054
H46K4,Petersen_Cognition_2017_yJwG,0,t,4.708,27,NA,56,0.671440087,1.812
H46K4,Goerg_JournLabEco_2010_WLpV,0,chi2,25.57,1,NA,414,0.244380493,0.504
HAC6N,Nyhan_JournExpPoliSci_2015_DEqr,0,t,4.791,518,NA,520,0.205989997,0.421
HAWST,McKibben_AmJourPoliSci_2013_P8az,1,NA,NA,NA,NA,NA,NA,NA
HDP26,Cleave_ExpEco_2013_Njqj,1,NA,NA,NA,NA,NA,NA,NA
HHSLN,Bursztyn_JournPoliEco_2012_jaK4,0,z,3.765,NA,NA,107,0.353281807,0.755
HLUSG,Alves_PsychologSci_2018_AvOr,0,chi2,9.846,1,NA,104,0.302460923,0.635
HQ9N9,Baccara_AmEcoJourn_2014_RqVE,0,z,0.737,NA,NA,729,0.027345816,0.055
HRYMM,Behrman_JournPoliEco_2015_G55r,0,t,3.79,5518,NA,5533,0.050954651,0.102
HTJM4,Hurst_EvoHumanBehavior_2017_yypJ,0,tau,-0.431,NA,NA,138,-0.626467782,1.607
HU8MI,Goerg_JournLabEco_2010_WLpV,1,NA,NA,NA,NA,NA,NA,NA
HWZDA,LINDQVIST_AmPoliSciRev_2010_OeGv,0,t,2.756,67,NA,72,0.319097053,0.673
I3ER4,Liang_JournPoliEco_2018_q8xv,0,F,3367,1,17552,17554,0.401190923,0.876
I4AA9,Waller_JournMarFam_2014_AXBY,0,z,1.248,NA,NA,978,0.039946719,0.08
I7VWB,Caldero_n_JournConflictRes_2015_Nv99,0,t,3.96,18446.1581,NA,18720,0.029144573,0.058
IDY90,Dahl_AmEcoRev_2012_VRKK,0,z,1.842,NA,NA,5691,0.024418753,0.049
IFVKR,Robertson_BritJournPoliSci_2017_qggQ,0,F,12.266,1,417.51,596,0.168939187,0.343
IMKS4,Wilde_AmSocioRev_2010_4XLv,0,t,0.339,91,NA,1627,0.035514438,0.071
IVZ84,Raley_JournMarFam_2012_D2LY,0,z,4.46,NA,NA,1144,0.131273933,0.265
IWJ37,Raley_JournMarFam_2012_D2LY,0,chi2,6.598,1,NA,2890.3012,0.047767166,0.096
J3ODA,Nyhan_JournExpPoliSci_2015_DEqr,0,t,4.794,761,NA,764,0.171216204,0.348
J5BBA,Caldero_n_JournConflictRes_2015_Nv99,1,NA,NA,NA,NA,NA,NA,NA
JDA15,Kuo_Demography_2016_JWzJ,0,z,-1.13,NA,NA,3963,-0.017954949,0.036
JE3RS,Sliwka_JournLabEco_2017_VDJV,1,NA,NA,NA,NA,NA,NA,NA
JFGFI,Andreoni_JournPoliEco_2017_La9x,0,t,3.903,92,NA,95,0.376906385,0.814
JHG33,Jiang_AmJourPoliSci_2018_Rjp9,1,NA,NA,NA,NA,NA,NA,NA
JPHZ3,Angrist_AmEcoRev_2009_Gv3O,0,chi2,1.78,1,NA,1581,0.033573239,0.067
JPHZ3,Behrman_JournPoliEco_2015_G55r,0,t,6.457,10.909,NA,5959,0.890287511,3.91
JRU4J,Anderson_AmEcoJourn_2011_bLe8,0,F,4.441,1,93.8,1295,0.212615048,0.435
JVMP6,Dumas_AcaManageJourn_2018_5KrD,0,t,2.224,351,NA,353,0.117880676,0.237
JX2VH,Alves_PsychologSci_2018_AvOr,0,chi2,11.083,1,NA,210,0.227346372,0.467
JX7YO,Christensen_EurJournPersonality_2018_8R9d,0,t,-1.67,149.54,NA,516,-0.135308574,0.273
JYF97,Bigoni_Econometrica_2015_VBx1,0,z,0.7,NA,NA,5520,0.009423966,0.019
JYZ5M,PALER_AmPoliSciRev_2013_Pxp7,0,t,2.461,1861,NA,1863,0.056955134,0.114
K0XHI,Platt_Boustan_AmEcoJourn_2012_PVQK,0,t,-0.731,147,NA,5222,-0.060182578,0.121
K88ZQ,Nyhan_JournExpPoliSci_2015_DEqr,1,NA,NA,NA,NA,NA,NA,NA
K9J6C,Hendricks_QuartJournEco_2018_wNKW,0,t,2.16,2840,NA,2854,0.040498426,0.081
KDF9R,Grose_AmJourPoliSci_2015_E0Q3,0,chi2,7.84,1,NA,68,0.333976437,0.709
KDWY2,Caldero_n_JournConflictRes_2015_Nv99,0,t,0.85,54,NA,2989,0.114904215,0.231
KDWY2,Turcu_CompPolitStu_2015_YeQg,0,t,5.56,179,NA,7897,0.383755403,0.831
KEVF1,Wright_JournConflictRes_2016_W0GN,0,chi2,4.469,1,NA,3295,0.036828057,0.074
KEVF1,Teney_EurSocioRev_2016_qXX2,0,t,-5.899,135.606,NA,209826,-0.45189574,1.013
KKX36,Raley_JournMarFam_2012_D2LY,0,t,4.875,2485,NA,2486,0.097329518,0.196
KNPJ0,Cohen_AmEcoRev_2015_2lb5,0,t,-7.473,1614,NA,2323,-0.182876039,0.372
KNXVJ,Wlezien_CompPolitStu_2017_ByBk,1,NA,NA,NA,NA,NA,NA,NA
KQXUE,Teney_EurSocioRev_2016_qXX2,0,t,-7.169,242,NA,270,-0.418535741,0.922
KZGB8,Ku_JournEnvPsych_2014_YpZZ,0,r,0.405,NA,NA,155,0.405,0.886
L3B6J,Lu_JournLabEco_2015_vaWE,1,NA,NA,NA,NA,NA,NA,NA
L456K,Huijts_EurSocioRev_2013_OY3B,0,t,-2.843,10935,NA,10960,-0.027177345,0.054
LJFSQ,Thames_CompPolitStu_2010_l22v,0,t,1.778,47.0548,NA,81,0.250905589,0.518
LNHY9,Hou_ChildDev_2017_YOXl,0,z,0.015,NA,NA,444,7.14E-04,0.001
LNHZJ,Kleven_AmEcoRev_2013_Jg9v,0,t,0.645,11,NA,169,0.190898387,0.389
LPVN9,Adida_CompPolitStu_2016_G0Kb,1,NA,NA,NA,NA,NA,NA,NA
LT39B,McLaren_WorldPolitics_2012_wRvv,0,z,31.747,NA,NA,67358,0.121719204,0.245
LX7MD,Kucik_BritJournPoliSci_2016_L22B,0,z,3.843,NA,NA,6606,0.047258085,0.095
LYCQM,Pastötter_Cognition_2013_EQxa,0,t,-3.551,198,NA,200,-0.244687391,0.505
M69JQ,Petersen_Cognition_2017_yJwG,0,t,4.708,27,NA,28,0.671440087,1.812
MDFBX,Wang_AmEcoJourn_2013_7d4J,0,z,-1.633,NA,NA,13153,-0.014239474,0.028
MDGXG,Jiang_AmJourPoliSci_2018_Rjp9,0,z,0.746,NA,NA,3995,0.01180656,0.024
MDWBA,Wang_AmEcoJourn_2013_7d4J,1,NA,NA,NA,NA,NA,NA,NA
MJR3D,PIETRYKA_AmPoliSciRev_2017_yjkQ,0,z,4.444,NA,NA,2204,0.09444257,0.19
MMLOE,Grose_AmJourPoliSci_2015_E0Q3,1,NA,NA,NA,NA,NA,NA,NA
MOYDE,Axt_JournExpSocPsych_2018_zK2,0,t,-8.8421,1674,NA,1676,-0.211234925,0.432
MUYV3,Anderson_AmEcoJourn_2011_bLe8,0,t,-0.872,66,NA,943,-0.106722766,0.215
MX02W,Chen_Demography_2018_yAPR,0,t,-6.57,5263,NA,5662,-0.09019345,0.181
N0WPB,Axt_JournExpSocPsych_2018_zK2,0,t,-5.575,904,NA,905,-0.182314136,0.371
N5LK4,Savani_PsychologSci_2010_88xa,0,t,3.05,53.22,NA,64,0.38572845,0.836
N8P2J,Savani_PsychologSci_2010_88xa,1,NA,NA,NA,NA,NA,NA,NA
N8ZYW,Kuo_Demography_2016_JWzJ,1,NA,NA,NA,NA,NA,NA,NA
NF5O3,Brough_JournConsRes_2016_9ey,1,NA,NA,NA,NA,NA,NA,NA
NFTMG,McLaren_WorldPolitics_2012_wRvv,0,t,42.1,62088,NA,68113,0.166596642,0.338
NMO49,Desmond_Demography_2015_qQ9Z,0,t,0.776,567,NA,580,0.032571645,0.065
NMQ6A,Zunick_JournExpSocPsych_2017_zlw,0,z,-2.591,NA,NA,74,-0.298156609,0.625
NS1LY,Altmann_JournLabEco_2012_WLkV,1,NA,NA,NA,NA,NA,NA,NA
NSDML,PALER_AmPoliSciRev_2013_Pxp7,1,NA,NA,NA,NA,NA,NA,NA
NSDML,AntrAs_Econometrica_2013_a2Yx,0,t,0.56,3,NA,400,0.307636588,0.647
NWV79,Yang_JournMarketRes_2013_G1Lr,1,NA,NA,NA,NA,NA,NA,NA
NZHZ7,Pastötter_Cognition_2013_EQxa,0,z,3.304,NA,NA,200,0.231146416,0.475
O6T2I,Liang_JournPoliEco_2018_q8xv,0,t,-1.018,9,NA,393,-0.321336783,0.679
OIBLS,LINDQVIST_AmPoliSciRev_2010_OeGv,0,r,-0.662,NA,NA,41,-0.662,1.767
OMA2G,PALER_AmPoliSciRev_2013_Pxp7,1,NA,NA,NA,NA,NA,NA,NA
OMA2G,Grose_AmJourPoliSci_2015_E0Q3,1,NA,NA,NA,NA,NA,NA,NA
OPNR7,Fehr_AmEcoRev_2011_gdlO,1,NA,NA,NA,NA,NA,NA,NA
OPNR7,Sliwka_JournLabEco_2017_VDJV,1,NA,NA,NA,NA,NA,NA,NA
OSA6N,Liang_JournPoliEco_2018_q8xv,0,t,-11.62,391,NA,393,-0.506644326,1.175
OUN95,BATESON_AmPoliSciRev_2012_RYKv,0,z,11.36,NA,NA,38575,0.05777744,0.116
OWS4T,Dumas_AcaManageJourn_2018_5KrD,0,t,1.519,342,NA,349,0.081862428,0.164
P3HD5,Liu_JournMarket_2015_9DZl,0,F,8.5,1,47,48,0.391347867,0.851
P54NA,Li_JournExpPoliSci_2017_G4mp,0,t,12.837,2686,NA,22768,0.240425782,0.495
P6QB0,Chen_Demography_2018_yAPR,0,F,1.98,1,68,137,0.168207605,0.341
P77QW,Dahl_AmEcoRev_2012_VRKK,0,t,11.44,17860,NA,20463,0.08529035,0.171
P7RC1,PALER_AmPoliSciRev_2013_Pxp7,0,t,2.7,1861,NA,1863,0.062465701,0.125
P9234,Rovny_WorldPolitics_2014_AQgj,0,F,50.03,1,2233,2240,0.148033307,0.299
P9W8Y,Einstein_AmJourPoliSci_2017_mxyQ,1,NA,NA,NA,NA,NA,NA,NA
P9W8Y,Chen_Demography_2018_yAPR,1,NA,NA,NA,NA,NA,NA,NA
PDC44,Ku_JournEnvPsych_2014_YpZZ,0,F,33.95,1,148,153,0.431960325,0.958
PFQSU,Miller_JournConflictRes_2011_zV1O,0,z,1.88,NA,NA,798,0.066578094,0.133
PFRTV,Shahar_JournConflictRes_2018_J0Yv,0,t,8.993,70,NA,71,0.732145371,2.15
PH39A,Hurst_EvoHumanBehavior_2017_yypJ,1,NA,NA,NA,NA,NA,NA,NA
PMN53,Fuhrmann_JournConflictRes_2010_8Wy0,1,NA,NA,NA,NA,NA,NA,NA
PNJWU,Marshall_BritJournPoliSci_2015_GOYb,0,z,-2.878,NA,NA,228,-0.189546442,0.386
PNJWU,Clark_JournPoliEco_2009_e5rW,0,z,3.038,NA,NA,726,0.112506111,0.226
POSHC,Liu_JournMarket_2015_9DZl,0,z,-3.022,NA,NA,49,-0.418250408,0.921
PRL2D,Liang_JournPoliEco_2018_q8xv,0,tau,-0.429,24145,NA,24145,-0.624015988,1.597
PRL2N,Baillon_Econometrica_2018_QYNq,1,NA,NA,NA,NA,NA,NA,NA
PRL47,Teney_EurSocioRev_2016_qXX2,0,z,-3.594,NA,NA,394575,-0.005721504,0.011
PRM3D,Petersen_Cognition_2017_yJwG,0,t,10.191,80,NA,81,0.75158366,2.279
PTG48,Fuhrmann_JournConflictRes_2010_8Wy0,0,z,11.502,NA,NA,62498,0.045977402,0.092
PUZAT,Rovny_WorldPolitics_2014_AQgj,0,t,-11.307,2460,NA,2471,-0.222268536,0.456
PUZKT,Gerber_BritJournPoliSci_2018_3WmY,0,t,3.033,170,NA,191,0.226571099,0.465
PX654,Wang_AmEcoJourn_2013_7d4J,0,t,-1.45,2680,NA,13120,-0.027998213,0.056
PZ6KU,Liang_JournPoliEco_2018_q8xv,0,t,-14.292,391,NA,393,-0.585786281,1.446
PZ6UU,Goerg_JournLabEco_2010_WLpV,0,chi2,55.1,1,NA,845,0.250373561,0.517
Q1460,Huijts_EurSocioRev_2013_OY3B,1,NA,NA,NA,NA,NA,NA,NA
Q1460,Barreca_JournPoliEco_2016_J999,0,chi2,45.925,1,NA,21732,0.045940836,0.092
Q3HUQ,Gartzke_JournConflictRes_2009_rym8,1,NA,NA,NA,NA,NA,NA,NA
Q5U26,Wang_AmEcoJourn_2013_7d4J,0,t,-0.059,2959,NA,13292,-0.001084624,0.002
Q9PO7,Hou_ChildDev_2017_YOXl,1,NA,NA,NA,NA,NA,NA,NA
QF34I,Woltin_JournExpSocPsych_2011_Wre,0,F,4.52,1,33,35,0.347086564,0.74
QH0FE,Mironova_JournExpPoliSci_2014_59Rq,0,z,-4.218,NA,NA,158,-0.326403799,0.691
QIWQJ,Gartzke_JournConflictRes_2009_rym8,0,z,6.116,NA,NA,218924,0.013070706,0.026
QL2M7,Christensen_EurJournPersonality_2018_8R9d,0,t,58.033,1998,NA,2000,0.792239705,2.597
QN456,Huijts_EurSocioRev_2013_OY3B,0,t,1.318,21,NA,12413,0.276406114,0.575
QPC4J,Nelson_JournConsRes_2009_eg1q,1,NA,NA,NA,NA,NA,NA,NA
QPS9D,Platt_Boustan_AmEcoJourn_2012_PVQK,0,t,-3.907,867,NA,8732,-0.131535801,0.265
QPSID,Bigoni_Econometrica_2015_VBx1,0,z,-5.758,NA,NA,96,-0.534966208,1.266
QQH7Q,Gartzke_JournConflictRes_2009_rym8,0,chi2,59.996,1,NA,12,0.988625282,13.147
QYU74,Steinmetz_JournPerSocPsy_2016_E4Am,1,NA,NA,NA,NA,NA,NA,NA
R08MV,Woltin_JournExpSocPsych_2011_Wre,0,F,5.76,1,34,36,0.380616888,0.823
R1YMW,LINDQVIST_AmPoliSciRev_2010_OeGv,0,t,-4.007,67,NA,72,-0.43967696,0.979
R34JK,Cingranelli_BritJournPoliSci_2014_qg47,0,z,2.805,NA,NA,1718,0.067629685,0.136
R34JK,Dahl_AmEcoRev_2012_VRKK,0,t,6.934,5990,NA,15541,0.089234828,0.179
R4Q7J,TERTYTCHNAYA_AmPoliSciRev_2018_9wya,0,z,1.99,NA,NA,1245,0.056406745,0.113
R73OP,Fitzgerald_SocialForces_2018_4q0L,0,F,14.2,1,417.92,50,0.181276701,0.369
RI9S7,Axt_JournExpSocPsych_2018_zK2,0,t,16.283,11994,NA,12004,0.147063362,0.297
RIW43,Usmani_AmJournSocio_2018_GJe4,1,NA,NA,NA,NA,NA,NA,NA
RJ9S7,GROSSMAN_AmPoliSciRev_2014_LyWB,0,t,-0.633,133,NA,134,-0.054805567,0.11
RJ9S7,Waller_JournMarFam_2014_AXBY,0,z,2.727,NA,NA,808,0.095819245,0.193
RPG19,Cleave_ExpEco_2013_Njqj,1,NA,NA,NA,NA,NA,NA,NA
RQ146,PIETRYKA_AmPoliSciRev_2017_yjkQ,0,z,4.311,NA,NA,2216,0.091384799,0.184
RTX71,Christensen_EurJournPersonality_2018_8R9d,1,NA,NA,NA,NA,NA,NA,NA
RUUEP,GROSSMAN_AmPoliSciRev_2014_LyWB,0,chi2,21.5,1,NA,475,0.210243836,0.43
RXPB8,Angrist_AmEcoRev_2009_Gv3O,0,t,-0.877,4181,NA,4338,-0.01356187,0.027
S1LYK,Bigoni_Econometrica_2015_VBx1,0,t,-1.8132,5119,NA,5152,-0.025334581,0.051
S3WYS,Benjamin_AmEcoRev_2010_WaYe,0,F,12.11,1,69,71,0.386398001,0.838
S95PR,Behrman_JournPoliEco_2015_G55r,1,NA,NA,NA,NA,NA,NA,NA
SBHP9,Adida_CompPolitStu_2016_G0Kb,0,chi2,8.443,1,NA,152,0.233646351,0.481
SBP30,Desmond_Demography_2015_qQ9Z,0,t,0.51,567,NA,580,0.021413076,0.043
SJAS8,Li_JournExpPoliSci_2017_G4mp,0,t,7.0023,970,NA,971,0.219354606,0.45
SJJ28,Li_JournExpPoliSci_2017_G4mp,1,NA,NA,NA,NA,NA,NA,NA
ST0G3,Benjamin_AmEcoRev_2010_WaYe,0,F,10.41,1,151,158,0.253956975,0.525
SWLGL,Yang_JournMarketRes_2013_G1Lr,0,t,3.349,98,NA,100,0.320458953,0.677
T2AYX,Linkenauger_PsychologSci_2009_7WjP,0,F,0.11,1,28,30,0.062555561,0.125
T3806,Bingham Powell_CompPolitStu_2009_0PZl,0,t,-1.99,79,NA,85,-0.218483399,0.448
T3806,AntrAs_Econometrica_2013_a2Yx,0,F,6.5,1,127,1408,0.220656155,0.452
T3806,Andreoni_JournPoliEco_2017_La9x,0,t,-4.747,62,NA,64,-0.516301633,1.206
T4682,Hertel_ClinPsychSci_2018_YabW,0,t,3.029,26,NA,27,0.510720396,1.188
T64KZ,Hertel_ClinPsychSci_2018_YabW,0,t,2.849,52,NA,54,0.367446841,0.79
T6S8L,Robertson_BritJournPoliSci_2017_qggQ,0,t,3.18,484,NA,499,0.14305869,0.289
T89FM,Anderson_AmEcoJourn_2011_bLe8,0,t,1.911,1281,NA,1290,0.053317276,0.107
TCQFF,Ohtsubo_EvoHumanBehavior_2014_zlm2,0,t,4.594,28,NA,30,0.655584774,1.736
TCT64,Waller_JournMarFam_2014_AXBY,0,z,0.77,NA,NA,1339,0.021063147,0.042
TF41T,Liu_JournMarket_2015_9DZl,0,t,-2.915,47,NA,49,-0.391293763,0.85
TK3IR,Menaldo_AmJourPoliSci_2016_Vx4e,0,z,-0.95,NA,NA,2478,-0.019093398,0.038
TKJER,Beaman_JournLabEco_2018_7ybJ,1,NA,NA,NA,NA,NA,NA,NA
TLJFS,McKibben_AmJourPoliSci_2013_P8az,1,NA,NA,NA,NA,NA,NA,NA
TN4FA,Andreoni_JournPoliEco_2017_La9x,0,t,6.283,15,NA,64,0.851263671,3.245
TNW3S,Fehr_AmEcoRev_2011_gdlO,0,chi2,53.411,1,NA,805,0.252484252,0.522
TS468,Axt_JournExpSocPsych_2018_zK2,0,t,-19.36,841,NA,842,-0.555229546,1.335
TTCIR,PIETRYKA_AmPoliSciRev_2017_yjkQ,1,NA,NA,NA,NA,NA,NA,NA
U41QZ,Yoo_PsychologSci_2017_BebG,0,t,1.662,978,NA,995,0.053070008,0.106
U8SV5,Fehr_AmEcoRev_2011_gdlO,1,NA,NA,NA,NA,NA,NA,NA
UDSRB,Bursztyn_AmEcoRev_2017_VB9K,0,F,2.28,1,338,346,0.081855754,0.164
UFG37,Cleave_ExpEco_2013_Njqj,0,z,-2.295,NA,NA,597,-0.093887652,0.189
UHTJM,Grose_AmJourPoliSci_2015_E0Q3,0,chi2,3.125,1,NA,56,0.238158965,0.49
UNX4S,Bursztyn_JournPoliEco_2012_jaK4,0,z,-7.33,NA,NA,208,-0.47146269,1.069
UPE13,Liu_JournMarket_2015_9DZl,0,t,2.915,47,NA,49,0.391293763,0.85
UPK44,Hendricks_QuartJournEco_2018_wNKW,0,t,3.48,2820,NA,2835,0.06539193,0.131
UTC0C,Dahl_AmEcoRev_2012_VRKK,1,NA,NA,NA,NA,NA,NA,NA
UU5Y0,Brough_JournConsRes_2016_9ey,0,F,8.1,1,190,194,0.202208902,0.413
UY3WI,PIETRYKA_AmPoliSciRev_2017_yjkQ,0,z,4.444,NA,NA,2216,0.094187685,0.189
UY3WI,Grose_AmJourPoliSci_2015_E0Q3,0,chi2,3.125,1,NA,56,0.238158965,0.49
UYV3F,Einstein_AmJourPoliSci_2017_mxyQ,0,z,-3.771,NA,NA,362,-0.196438861,0.401
UZKTS,Zunick_JournExpSocPsych_2017_zlw,0,t,-0.931,65,NA,69,-0.114714027,0.231
UZPCT,Baccara_AmEcoJourn_2014_RqVE,0,z,-9.496,NA,NA,1752424,-0.007173218,0.014
V6KLS,Clark_JournPoliEco_2009_e5rW,0,t,3.281,720,NA,726,0.121371683,0.245
V7XQ8,Savani_PsychologSci_2010_88xa,0,F,6.12,1,123,127,0.217710288,0.446
VDGL3,Wilfahrt_WorldPolitics_2018_k7wj,1,NA,NA,NA,NA,NA,NA,NA
VOJ91,Gerber_BritJournPoliSci_2018_3WmY,0,t,2.032,150,NA,174,0.163674676,0.332
VT9O5,Shahar_JournConflictRes_2018_J0Yv,0,t,-8.993,70,NA,71,-0.732145371,2.15
VU58A,Beaman_JournLabEco_2018_7ybJ,0,chi2,9.906,1,NA,220,0.210465208,0.431
VWV97,Desmond_Demography_2015_qQ9Z,0,t,1.11,564,NA,580,0.046688462,0.093
W0PKP,Goerg_JournLabEco_2010_WLpV,0,t,-1.754,268,NA,270,-0.106532874,0.214
W1CVU,Cleave_ExpEco_2013_Njqj,0,z,0.328,NA,NA,596,0.013468531,0.027
W2VHN,ANN_SLOCUM_Criminology_2010_JxXe,0,t,-5.532,1419,NA,1420,-0.145297328,0.294
W5O2N,McKibben_AmJourPoliSci_2013_P8az,1,NA,NA,NA,NA,NA,NA,NA
W5PXE,Thames_CompPolitStu_2010_l22v,0,t,2.532,249,NA,359,0.158432357,0.321
W9XD2,Bigoni_Econometrica_2015_VBx1,0,F,6.92,1,295.43,4416,0.151285763,0.306
WANJC,Platt_Boustan_AmEcoJourn_2012_PVQK,0,t,-2.18,117,NA,4351,-0.197568512,0.403
WCZJU,Luttrell_JournExpSocPsych_2016_rjb,0,F,4.26,1,168,174,0.157257938,0.318
WGTFW,Menaldo_AmJourPoliSci_2016_Vx4e,0,z,-1.255,NA,NA,605,-0.05110542,0.102
WJVLO,Pastötter_Cognition_2013_EQxa,0,t,3.551,198,NA,200,0.244687391,0.505
WLGL6,Woltin_JournExpSocPsych_2011_Wre,0,t,-2.4,34,NA,36,-0.380616888,0.823
WMHM7,Brough_JournConsRes_2016_9ey,0,F,3.67,1,190,194,0.137658127,0.278
WMHM7,Bartels_JournConsRes_2015_mrZ,0,t,2.8382,41,NA,43,0.405228215,0.887
WSE97,Alves_PsychologSci_2018_AvOr,1,NA,NA,NA,NA,NA,NA,NA
WW7AB,McDevitt_JournPoliEco_2014_yQeR,0,z,6.612,NA,NA,2293,0.137297818,0.277
WZ1VC,Bruner_ExpEco_2017_amYY,0,t,4.447,67,NA,81,0.477383928,1.087
X1Y7I,PALER_AmPoliSciRev_2013_Pxp7,0,t,2.461,1861,NA,1863,0.056955134,0.114
X2N6W,Bruner_ExpEco_2017_amYY,0,t,-4.577,77,NA,79,-0.462467339,1.043
X99OP,Zunick_JournExpSocPsych_2017_zlw,0,t,0.826,54,NA,59,0.111700922,0.225
XAS95,Raley_JournMarFam_2012_D2LY,0,chi2,4.888,1,NA,1244,0.062677265,0.126
XCTOL,Alves_PsychologSci_2018_AvOr,0,chi2,11.1,1,NA,210,0.22751459,0.467
XF5GJ,Ku_JournEnvPsych_2014_YpZZ,0,t,5.73,153,NA,155,0.420332838,0.926
XF5GJ,Wlezien_CompPolitStu_2017_ByBk,0,t,-1.845,14,NA,16,-0.442253747,0.986
XFPK9,TERTYTCHNAYA_AmPoliSciRev_2018_9wya,1,NA,NA,NA,NA,NA,NA,NA
XIX62,Usmani_AmJournSocio_2018_GJe4,0,t,0.421,48,NA,3949,0.060654236,0.122
XP4XR,Yoo_PsychologSci_2017_BebG,0,t,0.974,1385,NA,1391,0.02616287,0.052
XSXIR,McDevitt_JournPoliEco_2014_yQeR,0,F,0.07,1,2290,2239,0.005528721,0.011
XTX90,Usmani_AmJournSocio_2018_GJe4,0,t,3.13,4478,NA,4703,0.046722679,0.094
XXX71,Gartzke_JournConflictRes_2009_rym8,0,z,3.085,NA,NA,185704,0.007158807,0.014
Y2GLE,Bruner_ExpEco_2017_amYY,0,t,-4.885,104,NA,106,-0.432007952,0.958
Y3GME,Yoo_PsychologSci_2017_BebG,1,NA,NA,NA,NA,NA,NA,NA
Y4537,Shahar_JournConflictRes_2018_J0Yv,0,t,4.439,276,NA,284,0.258140422,0.534
Y7ZXT,Fitzgerald_SocialForces_2018_4q0L,0,F,8.16,1,433,500,0.136002539,0.275
YA03L,Thames_CompPolitStu_2010_l22v,0,t,0.438,60,NA,208,0.056455374,0.113
YEJO9,Andreoni_JournPoliEco_2017_La9x,0,t,4.596,15,NA,32,0.764692474,2.373
YMESM,Cohen_AmEcoRev_2015_2lb5,0,z,3.766,NA,NA,575,0.156175705,0.316
YOR9R,ANN_SLOCUM_Criminology_2010_JxXe,0,t,-5.811,1378,NA,1380,-0.154656882,0.313
YSAKF,Chen_Demography_2018_yAPR,0,chi2,0.001,1,NA,17199,2.41E-04,0
YSQYA,Hurst_EvoHumanBehavior_2017_yypJ,0,t,-6.951,135,NA,138,-0.513389081,1.196
YU64K,Altmann_JournLabEco_2012_WLkV,1,NA,NA,NA,NA,NA,NA,NA
YWYHV,Fitzgerald_SocialForces_2018_4q0L,0,z,-0.969,NA,NA,350,-0.051971776,0.104
YWYHV,Fuhrmann_JournConflictRes_2010_8Wy0,0,z,2.302,NA,NA,5356,0.031453097,0.063
YX8BD,McKibben_AmJourPoliSci_2013_P8az,0,z,9.021,NA,NA,588,0.356588941,0.763
YZDX0,Lu_JournLabEco_2015_vaWE,1,NA,NA,NA,NA,NA,NA,NA
Z0Z2I,Wilde_AmSocioRev_2010_4XLv,1,NA,NA,NA,NA,NA,NA,NA
Z3GMF,Barreca_JournPoliEco_2016_J999,0,t,-13.95,43449,NA,43464,-0.066775002,0.134
Z4PYX,Nelson_JournConsRes_2009_eg1q,0,t,2.447,100,NA,102,0.237687319,0.489
Z5YKQ,Liu_JournMarket_2015_9DZl,0,t,2.915,47,NA,49,0.391293763,0.85
Z5YKQ,Menaldo_AmJourPoliSci_2016_Vx4e,0,z,-7.887,NA,NA,2682,-0.151210596,0.306
ZAOGM,Barreca_JournPoliEco_2016_J999,0,t,-23.921,43102.8365,NA,43512,-0.11446234,0.23
ZCGMF,Benjamin_AmEcoRev_2010_WaYe,0,t,1.308,12,NA,968,0.353244438,0.755
ZCIBX,Bursztyn_AmEcoRev_2017_VB9K,0,F,9.52,1,57,58,0.378305237,0.817
ZDF6E,Wright_JournConflictRes_2016_W0GN,0,z,0.161,NA,NA,443,0.007675223,0.015
ZIWIY,Balcells_JournConflictRes_2014_0P4r,0,t,3.975,102,NA,118,0.366237943,0.787
ZIWIY,Clark_JournPoliEco_2009_e5rW,0,t,3.55,723,NA,726,0.130890087,0.264
ZJMVT,Jiang_AmJourPoliSci_2018_Rjp9,1,NA,NA,NA,NA,NA,NA,NA
ZLH79,Wang_AmEcoJourn_2013_7d4J,0,t,-2.031,10397,NA,13392,-0.019914516,0.04
ZNFTM,Wlezien_CompPolitStu_2017_ByBk,0,F,0.39,1,13,15,0.170664037,0.346
ZO4S0,Axt_JournExpSocPsych_2018_zK2,0,t,11.67,847,NA,848,0.372179435,0.802
ZUJ68,Ohtsubo_EvoHumanBehavior_2014_zlm2,0,t,3.904,24,NA,29,0.62321598,1.594
ZVGQ3,Brancati_JournConflictRes_2013_V0PA,0,z,-1.4256,NA,NA,94,-0.148340811,0.3
ZXD19,Christensen_EurJournPersonality_2018_8R9d,0,t,-77.485,514,NA,516,-0.959760673,6.835
ZXDS9,Bursztyn_JournPoliEco_2012_jaK4,1,NA,NA,NA,NA,NA,NA,NA
ZZQGZ,Wilde_AmSocioRev_2010_4XLv,1,NA,NA,NA,NA,NA,NA,NA
ZZY2R,Adida_CompPolitStu_2016_G0Kb,1,NA,NA,NA,NA,NA,NA,NA
